QOI,Method,Degree,Val. error, LOOERROR,Max Sobol Error,Mean Sobol Error,Ns
AD50,CPLS,2,9.960366224096827,-123.01664249153981,0.76081866,0.2667425559020055,5
AD90,CPLS,2,2.0686469296802215,-107.96253745381414,0.76081866,0.2667425559020055,5
Vrest,CPLS,2,0.014314570393305494,-123.01664249153981,0.76081866,0.2667425559020055,5
dVmax,CPLS,2,484.60964415636244,-123.01664249153981,0.76081866,0.2667425559020055,5
AD50,CPLS,2,8.93187065250167,0.9927688567022764,0.028156793239902278,0.010407538596620866,56.0
AD90,CPLS,2,0.006851759205713655,0.9963236991131558,0.028156793239902278,0.010407538596620866,56.0
Vrest,CPLS,2,0.0009153280417035659,0.9927688567022764,0.028156793239902278,0.010407538596620866,56.0
dVmax,CPLS,2,7.4775382871192955,0.9927688567022764,0.028156793239902278,0.010407538596620866,56.0
