QOI,Method,Degree,Val. error, LOOERROR,Max Sobol Error,Mean Sobol Error,Ns
Vrest,CPLS,2,0.0003967740971005106,0.0003914486472808039,0.004539368625052775,0.0008517910587587299,420.0
dVmax,CPLS,2,0.00025556817725797546,1.1983589498796769e-05,0.18467109869402232,0.06119416647823095,420.0
QOI,Method,Degree,Val. error, LOOERROR,Max Sobol Error,Mean Sobol Error,Ns
AD90,CPLS,2,0.0029557668695038425,1,0.04166571730747359,0.009836083848726198,420.0
AD50,CPLS,2,0.003120541457916666,0.002903364953496203,0.032663871218680085,0.009827442411317949,420.0
Vrest,CPLS,2,0.0003967740971005106,0.0003914486472808039,0.004539368625052775,0.0008517910587587299,420.0
dVmax,CPLS,2,0.00025556817725797546,1.1983589498796769e-05,0.18467109869402232,0.06119416647823095,420.0
QOI,Method,Degree,Val. error, LOOERROR,Max Sobol Error,Mean Sobol Error,Ns
AD90,CPLS,2,0.0029444859086385513,0.0023883606614432348,0.03998562403972128,0.009800575841393338,924.0
Vrest,CPLS,2,0.00037825685281586127,0.00038904978351522474,0.004577956825560503,0.0008533742637118524,924.0
dVmax,CPLS,2,0.00025477930090813663,1.173193997795974e-05,0.18470206818427393,0.06120325159499281,924.0
