QOI,Method,Degree,Val. error, LOOERROR,Max Sobol Error,Mean Sobol Error,Ns
ADP50,larsE-1,2,0.9381155462541567,0.9552772024358821,0,0,500
dVmax,larsE-1,6,0.00012204028508135558,0.00012775507768956042,0,0,500
ADP50,larsE-2,2,0.7503016817248822,0.7380850691321043,0,0,500
dVmax,larsE-2,6,0.00012806347762639588,0.0001363155721309848,0,0,500
ADP50,larsE-3,2,0.7499382800537973,0.7413959047089331,0,0,500
